condition	conditionRef	measurement	observable	scalingParameter	sigma	time
condition-0		0.7931756987150883	observable_Ski		0.1	0.0
condition-0		1.1795367829099952	observable_Ski		0.1	25.0
condition-0		1.5830232263304678	observable_Ski		0.1	50.0
condition-0		2.163576827768048	observable_Ski		0.1	75.0
condition-0		2.5326611561827246	observable_Ski		0.1	100.0
condition-0		1.1517439766134814	observable_Skil		0.1	0.0
condition-0		3.6630183041257247	observable_Skil		0.1	25.0
condition-0		6.278311132270142	observable_Skil		0.1	50.0
condition-0		8.345856188623799	observable_Skil		0.1	75.0
condition-0		9.799270707302549	observable_Skil		0.1	100.0
condition-0		0.7823001050177538	observable_Dnmt3a		0.1	0.0
condition-0		0.8992272167114164	observable_Dnmt3a		0.1	25.0
condition-0		1.18605280246752	observable_Dnmt3a		0.1	50.0
condition-0		1.409329830833634	observable_Dnmt3a		0.1	75.0
condition-0		1.7089177189872073	observable_Dnmt3a		0.1	100.0
condition-0		0.9896854304579938	observable_Sox4		0.1	0.0
condition-0		1.1243379478247595	observable_Sox4		0.1	25.0
condition-0		1.4051838449796623	observable_Sox4		0.1	50.0
condition-0		1.5761090374718956	observable_Sox4		0.1	75.0
condition-0		1.8080353298605465	observable_Sox4		0.1	100.0
condition-0		1.0016462842806264	observable_Jun		0.1	0.0
condition-0		3.4993960375254844	observable_Jun		0.1	25.0
condition-0		3.9525167996647497	observable_Jun		0.1	50.0
condition-0		4.033482765394158	observable_Jun		0.1	75.0
condition-0		3.8949771874339976	observable_Jun		0.1	100.0
condition-0		1.016920109439078	observable_Smad7		0.1	0.0
condition-0		6.732206879295476	observable_Smad7		0.1	25.0
condition-0		6.95615905221497	observable_Smad7		0.1	50.0
condition-0		6.816326097939672	observable_Smad7		0.1	75.0
condition-0		7.081279240126142	observable_Smad7		0.1	100.0
condition-0		0.9485878160010599	observable_Klf10		0.1	0.0
condition-0		5.030920872366133	observable_Klf10		0.1	25.0
condition-0		6.157732275752574	observable_Klf10		0.1	50.0
condition-0		6.062934801091902	observable_Klf10		0.1	75.0
condition-0		5.742573981222121	observable_Klf10		0.1	100.0
condition-0		0.9761296228490725	observable_Bmp4		0.1	0.0
condition-0		1.4808596485002519	observable_Bmp4		0.1	25.0
condition-0		1.529900009865368	observable_Bmp4		0.1	50.0
condition-0		1.3016112478226698	observable_Bmp4		0.1	75.0
condition-0		1.2771652794050254	observable_Bmp4		0.1	100.0
condition-0		1.1530166958747516	observable_Cxcl15		0.1	0.0
condition-0		0.9470458304410302	observable_Cxcl15		0.1	25.0
condition-0		0.8327186794599738	observable_Cxcl15		0.1	50.0
condition-0		0.8626250297383238	observable_Cxcl15		0.1	75.0
condition-0		0.8612759507466217	observable_Cxcl15		0.1	100.0
condition-0		1.1405918305553966	observable_Dusp5		0.1	0.0
condition-0		0.9008012394897191	observable_Dusp5		0.1	25.0
condition-0		0.6934351854275382	observable_Dusp5		0.1	50.0
condition-0		0.7724511552335701	observable_Dusp5		0.1	75.0
condition-0		0.5188939449602318	observable_Dusp5		0.1	100.0
condition-0		0.9351757674150462	observable_Tgfa		0.1	0.0
condition-0		1.1311502770095343	observable_Tgfa		0.1	25.0
condition-0		0.9121836728484242	observable_Tgfa		0.1	50.0
condition-0		0.8997701695250877	observable_Tgfa		0.1	75.0
condition-0		0.6767305372626764	observable_Tgfa		0.1	100.0
condition-0		0.8771688236337608	observable_Pdk4		0.1	0.0
condition-0		0.9087876628874385	observable_Pdk4		0.1	25.0
condition-0		0.7801387715279118	observable_Pdk4		0.1	50.0
condition-0		0.5925008654383611	observable_Pdk4		0.1	75.0
condition-0		0.3036425113917616	observable_Pdk4		0.1	100.0
condition-1		1.142762930992642	observable_Ski		0.1	0.0
condition-1		1.2062716216563025	observable_Ski		0.1	25.0
condition-1		1.6578964533782758	observable_Ski		0.1	50.0
condition-1		2.0427268518422763	observable_Ski		0.1	75.0
condition-1		2.5702889741645105	observable_Ski		0.1	100.0
condition-1		0.8223915531039955	observable_Skil		0.1	0.0
condition-1		3.544925274724457	observable_Skil		0.1	25.0
condition-1		6.321087903925391	observable_Skil		0.1	50.0
condition-1		8.244508632617375	observable_Skil		0.1	75.0
condition-1		9.983671820298241	observable_Skil		0.1	100.0
condition-1		0.9772485054538833	observable_Dnmt3a		0.1	0.0
condition-1		1.1235170499833034	observable_Dnmt3a		0.1	25.0
condition-1		1.310772084376824	observable_Dnmt3a		0.1	50.0
condition-1		1.5394538715659818	observable_Dnmt3a		0.1	75.0
condition-1		1.6542524019524283	observable_Dnmt3a		0.1	100.0
condition-1		0.792095921388887	observable_Sox4		0.1	0.0
condition-1		1.1399754853397908	observable_Sox4		0.1	25.0
condition-1		1.2246750421178574	observable_Sox4		0.1	50.0
condition-1		1.468546734696471	observable_Sox4		0.1	75.0
condition-1		1.7879553772694372	observable_Sox4		0.1	100.0
condition-1		1.084591110269329	observable_Jun		0.1	0.0
condition-1		3.4732457217922605	observable_Jun		0.1	25.0
condition-1		3.796840086959022	observable_Jun		0.1	50.0
condition-1		3.8942305238545374	observable_Jun		0.1	75.0
condition-1		3.9082645365982316	observable_Jun		0.1	100.0
condition-1		1.0376070119847027	observable_Smad7		0.1	0.0
condition-1		6.706388135557536	observable_Smad7		0.1	25.0
condition-1		6.994101093069634	observable_Smad7		0.1	50.0
condition-1		7.000665475943552	observable_Smad7		0.1	75.0
condition-1		6.767864347281622	observable_Smad7		0.1	100.0
condition-1		0.9143606713297199	observable_Klf10		0.1	0.0
condition-1		5.055483444660049	observable_Klf10		0.1	25.0
condition-1		6.055392016836369	observable_Klf10		0.1	50.0
condition-1		6.317976774175789	observable_Klf10		0.1	75.0
condition-1		5.684484993540595	observable_Klf10		0.1	100.0
condition-1		1.1452796905815503	observable_Bmp4		0.1	0.0
condition-1		1.4764631152348557	observable_Bmp4		0.1	25.0
condition-1		1.434136667340068	observable_Bmp4		0.1	50.0
condition-1		1.4552890542417163	observable_Bmp4		0.1	75.0
condition-1		1.462148897573093	observable_Bmp4		0.1	100.0
condition-1		0.932194859271258	observable_Cxcl15		0.1	0.0
condition-1		0.9911755300433029	observable_Cxcl15		0.1	25.0
condition-1		0.8922272482233983	observable_Cxcl15		0.1	50.0
condition-1		0.8534827421016552	observable_Cxcl15		0.1	75.0
condition-1		0.90029778640536	observable_Cxcl15		0.1	100.0
condition-1		0.9785170860955446	observable_Dusp5		0.1	0.0
condition-1		1.0801366381803212	observable_Dusp5		0.1	25.0
condition-1		0.7691108012297339	observable_Dusp5		0.1	50.0
condition-1		0.9380709124588584	observable_Dusp5		0.1	75.0
condition-1		0.6848421898007983	observable_Dusp5		0.1	100.0
condition-1		1.0143290288944273	observable_Tgfa		0.1	0.0
condition-1		1.0455867217836081	observable_Tgfa		0.1	25.0
condition-1		0.8621930440493519	observable_Tgfa		0.1	50.0
condition-1		0.817812385278315	observable_Tgfa		0.1	75.0
condition-1		0.8269793067432242	observable_Tgfa		0.1	100.0
condition-1		0.7663495671786347	observable_Pdk4		0.1	0.0
condition-1		0.8391418108625114	observable_Pdk4		0.1	25.0
condition-1		0.899126546544927	observable_Pdk4		0.1	50.0
condition-1		0.7383122185530919	observable_Pdk4		0.1	75.0
condition-1		0.6901755400730105	observable_Pdk4		0.1	100.0
condition-2		1.079116998349625	observable_Ski		0.1	0.0
condition-2		1.081406535240538	observable_Ski		0.1	25.0
condition-2		1.8543416805839614	observable_Ski		0.1	50.0
condition-2		1.9493222724514496	observable_Ski		0.1	75.0
condition-2		2.3186376463443414	observable_Ski		0.1	100.0
condition-2		0.9688335112329318	observable_Skil		0.1	0.0
condition-2		3.420908499963683	observable_Skil		0.1	25.0
condition-2		6.340377913142903	observable_Skil		0.1	50.0
condition-2		8.327563691004022	observable_Skil		0.1	75.0
condition-2		9.801400591132687	observable_Skil		0.1	100.0
condition-2		1.055172678883703	observable_Dnmt3a		0.1	0.0
condition-2		1.0437492045951053	observable_Dnmt3a		0.1	25.0
condition-2		1.4205514400482337	observable_Dnmt3a		0.1	50.0
condition-2		1.6461709622995446	observable_Dnmt3a		0.1	75.0
condition-2		1.6770702169458853	observable_Dnmt3a		0.1	100.0
condition-2		0.9900172588193485	observable_Sox4		0.1	0.0
condition-2		1.197394548021123	observable_Sox4		0.1	25.0
condition-2		1.4316402675950617	observable_Sox4		0.1	50.0
condition-2		1.712132057325269	observable_Sox4		0.1	75.0
condition-2		1.8066918706039308	observable_Sox4		0.1	100.0
condition-2		1.0115607709344765	observable_Jun		0.1	0.0
condition-2		3.6612449880272235	observable_Jun		0.1	25.0
condition-2		3.7388890661038365	observable_Jun		0.1	50.0
condition-2		3.774347534222534	observable_Jun		0.1	75.0
condition-2		4.068838801815571	observable_Jun		0.1	100.0
condition-2		0.9737244478284757	observable_Smad7		0.1	0.0
condition-2		6.675085289461198	observable_Smad7		0.1	25.0
condition-2		6.891645316827725	observable_Smad7		0.1	50.0
condition-2		6.87438760980781	observable_Smad7		0.1	75.0
condition-2		6.884882218957171	observable_Smad7		0.1	100.0
condition-2		1.0043544535586966	observable_Klf10		0.1	0.0
condition-2		5.121104267661919	observable_Klf10		0.1	25.0
condition-2		6.126652450002879	observable_Klf10		0.1	50.0
condition-2		6.039597926367006	observable_Klf10		0.1	75.0
condition-2		5.5993767921350885	observable_Klf10		0.1	100.0
condition-2		1.099913962483218	observable_Bmp4		0.1	0.0
condition-2		1.2293579005973454	observable_Bmp4		0.1	25.0
condition-2		1.3760877149744402	observable_Bmp4		0.1	50.0
condition-2		1.4429473533900725	observable_Bmp4		0.1	75.0
condition-2		1.5518598653899964	observable_Bmp4		0.1	100.0
condition-2		0.9542035022524625	observable_Cxcl15		0.1	0.0
condition-2		1.1492789361752822	observable_Cxcl15		0.1	25.0
condition-2		0.9514584305813764	observable_Cxcl15		0.1	50.0
condition-2		0.8421165572078274	observable_Cxcl15		0.1	75.0
condition-2		0.9887286172199453	observable_Cxcl15		0.1	100.0
condition-2		1.2604774998103623	observable_Dusp5		0.1	0.0
condition-2		0.904846472603092	observable_Dusp5		0.1	25.0
condition-2		0.724765745984704	observable_Dusp5		0.1	50.0
condition-2		0.63613739263284	observable_Dusp5		0.1	75.0
condition-2		0.6201202857713386	observable_Dusp5		0.1	100.0
condition-2		0.9410764103961831	observable_Tgfa		0.1	0.0
condition-2		1.0697895045197747	observable_Tgfa		0.1	25.0
condition-2		0.9263949996751184	observable_Tgfa		0.1	50.0
condition-2		0.7714758076807396	observable_Tgfa		0.1	75.0
condition-2		0.8038706593313811	observable_Tgfa		0.1	100.0
condition-2		0.8605585826299713	observable_Pdk4		0.1	0.0
condition-2		0.992390846966813	observable_Pdk4		0.1	25.0
condition-2		0.8771291504789187	observable_Pdk4		0.1	50.0
condition-2		0.6526713551733987	observable_Pdk4		0.1	75.0
condition-2		0.18056361496311607	observable_Pdk4		0.1	100.0
condition-3		1.0515137479979235	observable_Ski		0.1	0.0
condition-3		1.153753449422817	observable_Ski		0.1	25.0
condition-3		1.7125217053719306	observable_Ski		0.1	50.0
condition-3		1.950591249453204	observable_Ski		0.1	75.0
condition-3		2.388360091098455	observable_Ski		0.1	100.0
condition-3		0.9174828958916735	observable_Skil		0.1	0.0
condition-3		3.319428426117851	observable_Skil		0.1	25.0
condition-3		6.275591531718053	observable_Skil		0.1	50.0
condition-3		8.373212212119535	observable_Skil		0.1	75.0
condition-3		9.890769763636442	observable_Skil		0.1	100.0
condition-3		0.9519262300025312	observable_Dnmt3a		0.1	0.0
condition-3		1.0910404303587617	observable_Dnmt3a		0.1	25.0
condition-3		1.3928792901169988	observable_Dnmt3a		0.1	50.0
condition-3		1.5501087120297634	observable_Dnmt3a		0.1	75.0
condition-3		1.6754405906458003	observable_Dnmt3a		0.1	100.0
condition-3		1.0356049262675084	observable_Sox4		0.1	0.0
condition-3		1.1358743817276518	observable_Sox4		0.1	25.0
condition-3		1.2298761822287216	observable_Sox4		0.1	50.0
condition-3		1.7103191557187651	observable_Sox4		0.1	75.0
condition-3		1.7715526827109114	observable_Sox4		0.1	100.0
condition-3		0.7555235046129458	observable_Jun		0.1	0.0
condition-3		3.658486919706904	observable_Jun		0.1	25.0
condition-3		3.8750030460963085	observable_Jun		0.1	50.0
condition-3		4.102820912046883	observable_Jun		0.1	75.0
condition-3		3.9293511061165725	observable_Jun		0.1	100.0
condition-3		0.9595692291647967	observable_Smad7		0.1	0.0
condition-3		6.786880026723873	observable_Smad7		0.1	25.0
condition-3		6.845047605951201	observable_Smad7		0.1	50.0
condition-3		6.904902094369664	observable_Smad7		0.1	75.0
condition-3		6.694005777239682	observable_Smad7		0.1	100.0
condition-3		1.1083067974567336	observable_Klf10		0.1	0.0
condition-3		5.193474200430906	observable_Klf10		0.1	25.0
condition-3		6.1253236757475795	observable_Klf10		0.1	50.0
condition-3		6.144944009073434	observable_Klf10		0.1	75.0
condition-3		5.715833723546483	observable_Klf10		0.1	100.0
condition-3		0.8676848586126871	observable_Bmp4		0.1	0.0
condition-3		1.2799361926241961	observable_Bmp4		0.1	25.0
condition-3		1.2762419150879305	observable_Bmp4		0.1	50.0
condition-3		1.3193749374728567	observable_Bmp4		0.1	75.0
condition-3		1.5897607503875604	observable_Bmp4		0.1	100.0
condition-3		1.0974849654809478	observable_Cxcl15		0.1	0.0
condition-3		0.9930271984193153	observable_Cxcl15		0.1	25.0
condition-3		1.0399547840748233	observable_Cxcl15		0.1	50.0
condition-3		0.9391713543848632	observable_Cxcl15		0.1	75.0
condition-3		0.8132448301734116	observable_Cxcl15		0.1	100.0
condition-3		1.218228024560609	observable_Dusp5		0.1	0.0
condition-3		0.8518239301220252	observable_Dusp5		0.1	25.0
condition-3		1.005627645546322	observable_Dusp5		0.1	50.0
condition-3		0.6665514458767009	observable_Dusp5		0.1	75.0
condition-3		0.9270140296316299	observable_Dusp5		0.1	100.0
condition-3		0.9275781970763965	observable_Tgfa		0.1	0.0
condition-3		0.9557962825614014	observable_Tgfa		0.1	25.0
condition-3		0.9332315357689559	observable_Tgfa		0.1	50.0
condition-3		0.9755561142494176	observable_Tgfa		0.1	75.0
condition-3		0.8449885350859905	observable_Tgfa		0.1	100.0
condition-3		1.1132136982432037	observable_Pdk4		0.1	0.0
condition-3		0.7607347081548622	observable_Pdk4		0.1	25.0
condition-3		0.5672338583528275	observable_Pdk4		0.1	50.0
condition-3		0.5730556189594164	observable_Pdk4		0.1	75.0
condition-3		0.26265974972868167	observable_Pdk4		0.1	100.0
condition-4		1.1063118130672194	observable_Ski		0.1	0.0
condition-4		1.251246387349876	observable_Ski		0.1	25.0
condition-4		1.937630821615019	observable_Ski		0.1	50.0
condition-4		2.129743696531939	observable_Ski		0.1	75.0
condition-4		2.4435432423644143	observable_Ski		0.1	100.0
condition-4		0.930936086535041	observable_Skil		0.1	0.0
condition-4		3.531706489643826	observable_Skil		0.1	25.0
condition-4		6.259294293896261	observable_Skil		0.1	50.0
condition-4		8.339157068527012	observable_Skil		0.1	75.0
condition-4		9.703003790709868	observable_Skil		0.1	100.0
condition-4		1.0189576537467715	observable_Dnmt3a		0.1	0.0
condition-4		1.1152362090527344	observable_Dnmt3a		0.1	25.0
condition-4		1.2375891698084478	observable_Dnmt3a		0.1	50.0
condition-4		1.6277503475148027	observable_Dnmt3a		0.1	75.0
condition-4		1.5891728574037662	observable_Dnmt3a		0.1	100.0
condition-4		0.8375460618163674	observable_Sox4		0.1	0.0
condition-4		1.084399297057061	observable_Sox4		0.1	25.0
condition-4		1.288492722744789	observable_Sox4		0.1	50.0
condition-4		1.6695607370943115	observable_Sox4		0.1	75.0
condition-4		1.7692600264462504	observable_Sox4		0.1	100.0
condition-4		1.0467582114461074	observable_Jun		0.1	0.0
condition-4		3.581641064313508	observable_Jun		0.1	25.0
condition-4		3.850783538804592	observable_Jun		0.1	50.0
condition-4		4.046156815728818	observable_Jun		0.1	75.0
condition-4		4.011873228148077	observable_Jun		0.1	100.0
condition-4		1.07140212314646	observable_Smad7		0.1	0.0
condition-4		6.754844613023785	observable_Smad7		0.1	25.0
condition-4		6.9706415705523925	observable_Smad7		0.1	50.0
condition-4		6.905510723621906	observable_Smad7		0.1	75.0
condition-4		6.893370889691471	observable_Smad7		0.1	100.0
condition-4		1.1753510824415156	observable_Klf10		0.1	0.0
condition-4		5.265185184452346	observable_Klf10		0.1	25.0
condition-4		6.2118452710429235	observable_Klf10		0.1	50.0
condition-4		6.041804270499678	observable_Klf10		0.1	75.0
condition-4		5.772151714321705	observable_Klf10		0.1	100.0
condition-4		1.163810443753294	observable_Bmp4		0.1	0.0
condition-4		1.3696785499416173	observable_Bmp4		0.1	25.0
condition-4		1.4062001356929248	observable_Bmp4		0.1	50.0
condition-4		1.3897008108104945	observable_Bmp4		0.1	75.0
condition-4		1.5478996333360844	observable_Bmp4		0.1	100.0
condition-4		0.8948727395774219	observable_Cxcl15		0.1	0.0
condition-4		0.9198647892455801	observable_Cxcl15		0.1	25.0
condition-4		1.0141058053166299	observable_Cxcl15		0.1	50.0
condition-4		1.0344789298639792	observable_Cxcl15		0.1	75.0
condition-4		0.8989019808218046	observable_Cxcl15		0.1	100.0
condition-4		0.95392788845776	observable_Dusp5		0.1	0.0
condition-4		0.9534190700195779	observable_Dusp5		0.1	25.0
condition-4		0.8110542676566587	observable_Dusp5		0.1	50.0
condition-4		0.8397063438344772	observable_Dusp5		0.1	75.0
condition-4		0.5496400708807325	observable_Dusp5		0.1	100.0
condition-4		0.9099810317454482	observable_Tgfa		0.1	0.0
condition-4		1.0773138469091832	observable_Tgfa		0.1	25.0
condition-4		0.8291627763916332	observable_Tgfa		0.1	50.0
condition-4		0.8470219919427275	observable_Tgfa		0.1	75.0
condition-4		0.8669360463257929	observable_Tgfa		0.1	100.0
condition-4		1.0371419221537395	observable_Pdk4		0.1	0.0
condition-4		0.8795645056809162	observable_Pdk4		0.1	25.0
condition-4		0.7675064050230945	observable_Pdk4		0.1	50.0
condition-4		0.6289673205691068	observable_Pdk4		0.1	75.0
condition-4		0.5043937623796343	observable_Pdk4		0.1	100.0
condition-5		0.9126482238328621	observable_Ski		0.1	0.0
condition-5		1.476928099122858	observable_Ski		0.1	25.0
condition-5		1.5730521425664639	observable_Ski		0.1	50.0
condition-5		2.1316978489688756	observable_Ski		0.1	75.0
condition-5		2.4058209062521745	observable_Ski		0.1	100.0
condition-5		0.926213802264545	observable_Skil		0.1	0.0
condition-5		3.622118684583643	observable_Skil		0.1	25.0
condition-5		6.278304236360157	observable_Skil		0.1	50.0
condition-5		8.221598933486527	observable_Skil		0.1	75.0
condition-5		9.876441865770204	observable_Skil		0.1	100.0
condition-5		0.8663602483901182	observable_Dnmt3a		0.1	0.0
condition-5		1.1179490860863357	observable_Dnmt3a		0.1	25.0
condition-5		1.2064360606720346	observable_Dnmt3a		0.1	50.0
condition-5		1.3978517200653078	observable_Dnmt3a		0.1	75.0
condition-5		1.5214742009495121	observable_Dnmt3a		0.1	100.0
condition-5		1.0881412731348306	observable_Sox4		0.1	0.0
condition-5		1.0887361255930812	observable_Sox4		0.1	25.0
condition-5		1.5056273719381719	observable_Sox4		0.1	50.0
condition-5		1.5425392207734179	observable_Sox4		0.1	75.0
condition-5		1.9173446402195193	observable_Sox4		0.1	100.0
condition-5		1.031452006274315	observable_Jun		0.1	0.0
condition-5		3.481207337685797	observable_Jun		0.1	25.0
condition-5		3.9390021915870657	observable_Jun		0.1	50.0
condition-5		3.9772826788576308	observable_Jun		0.1	75.0
condition-5		3.954841805306199	observable_Jun		0.1	100.0
condition-5		1.021958643984417	observable_Smad7		0.1	0.0
condition-5		6.490636011131301	observable_Smad7		0.1	25.0
condition-5		6.870413805443747	observable_Smad7		0.1	50.0
condition-5		6.744547163961787	observable_Smad7		0.1	75.0
condition-5		6.768305697021986	observable_Smad7		0.1	100.0
condition-5		0.9352135296588933	observable_Klf10		0.1	0.0
condition-5		5.2961690545103535	observable_Klf10		0.1	25.0
condition-5		6.131353496658081	observable_Klf10		0.1	50.0
condition-5		5.9624247983344825	observable_Klf10		0.1	75.0
condition-5		5.738276089401394	observable_Klf10		0.1	100.0
condition-5		0.9015531176901339	observable_Bmp4		0.1	0.0
condition-5		1.5229771623083521	observable_Bmp4		0.1	25.0
condition-5		1.4564689751430326	observable_Bmp4		0.1	50.0
condition-5		1.4279941114121173	observable_Bmp4		0.1	75.0
condition-5		1.327422074478517	observable_Bmp4		0.1	100.0
condition-5		0.9536269425809207	observable_Cxcl15		0.1	0.0
condition-5		1.0300158686591936	observable_Cxcl15		0.1	25.0
condition-5		0.8777183832180611	observable_Cxcl15		0.1	50.0
condition-5		0.8099088605639531	observable_Cxcl15		0.1	75.0
condition-5		0.8150504653034085	observable_Cxcl15		0.1	100.0
condition-5		1.071749331788583	observable_Dusp5		0.1	0.0
condition-5		0.8220003519512349	observable_Dusp5		0.1	25.0
condition-5		0.8205787560007981	observable_Dusp5		0.1	50.0
condition-5		0.7987728562133122	observable_Dusp5		0.1	75.0
condition-5		0.5718348156609054	observable_Dusp5		0.1	100.0
condition-5		1.2726977808541047	observable_Tgfa		0.1	0.0
condition-5		1.0886082182184846	observable_Tgfa		0.1	25.0
condition-5		0.7164635897495509	observable_Tgfa		0.1	50.0
condition-5		0.838626444570877	observable_Tgfa		0.1	75.0
condition-5		0.9608851258896399	observable_Tgfa		0.1	100.0
condition-5		0.9201965723035346	observable_Pdk4		0.1	0.0
condition-5		1.0642561700685298	observable_Pdk4		0.1	25.0
condition-5		0.7996275786636354	observable_Pdk4		0.1	50.0
condition-5		0.8052871698775501	observable_Pdk4		0.1	75.0
condition-5		0.5307803388857476	observable_Pdk4		0.1	100.0
condition-6		1.0325457351969194	observable_Ski		0.1	0.0
condition-6		1.192451025483695	observable_Ski		0.1	25.0
condition-6		1.6698207060340968	observable_Ski		0.1	50.0
condition-6		2.1660350790529606	observable_Ski		0.1	75.0
condition-6		2.354480953842636	observable_Ski		0.1	100.0
condition-6		0.8449516052250732	observable_Skil		0.1	0.0
condition-6		3.592552843156506	observable_Skil		0.1	25.0
condition-6		6.109035946765658	observable_Skil		0.1	50.0
condition-6		8.333535785678114	observable_Skil		0.1	75.0
condition-6		9.579568592296214	observable_Skil		0.1	100.0
condition-6		0.9687720428514216	observable_Dnmt3a		0.1	0.0
condition-6		1.1783238616526197	observable_Dnmt3a		0.1	25.0
condition-6		1.3367438204835356	observable_Dnmt3a		0.1	50.0
condition-6		1.2904400016884323	observable_Dnmt3a		0.1	75.0
condition-6		1.7669397428958848	observable_Dnmt3a		0.1	100.0
condition-6		1.0122874554846795	observable_Sox4		0.1	0.0
condition-6		1.00913160148472	observable_Sox4		0.1	25.0
condition-6		1.3751163902164218	observable_Sox4		0.1	50.0
condition-6		1.4666485353802532	observable_Sox4		0.1	75.0
condition-6		1.8242315965651632	observable_Sox4		0.1	100.0
condition-6		1.0594647310323297	observable_Jun		0.1	0.0
condition-6		3.5008374500807307	observable_Jun		0.1	25.0
condition-6		3.9268223695627875	observable_Jun		0.1	50.0
condition-6		3.9634244960578813	observable_Jun		0.1	75.0
condition-6		3.5884510252550452	observable_Jun		0.1	100.0
condition-6		0.9184425780886192	observable_Smad7		0.1	0.0
condition-6		6.745864823256784	observable_Smad7		0.1	25.0
condition-6		6.928164972326617	observable_Smad7		0.1	50.0
condition-6		6.934876804146335	observable_Smad7		0.1	75.0
condition-6		6.6638512131485115	observable_Smad7		0.1	100.0
condition-6		1.0227688605353904	observable_Klf10		0.1	0.0
condition-6		5.39118747872338	observable_Klf10		0.1	25.0
condition-6		6.3638535112336125	observable_Klf10		0.1	50.0
condition-6		6.105814739589379	observable_Klf10		0.1	75.0
condition-6		5.830564513040235	observable_Klf10		0.1	100.0
condition-6		1.095379069130149	observable_Bmp4		0.1	0.0
condition-6		1.45998362523282	observable_Bmp4		0.1	25.0
condition-6		1.5888093610895446	observable_Bmp4		0.1	50.0
condition-6		1.4254270080295413	observable_Bmp4		0.1	75.0
condition-6		1.413071803468151	observable_Bmp4		0.1	100.0
condition-6		0.8980690097993439	observable_Cxcl15		0.1	0.0
condition-6		0.9381691868709084	observable_Cxcl15		0.1	25.0
condition-6		0.9150592702806118	observable_Cxcl15		0.1	50.0
condition-6		0.8653921439895661	observable_Cxcl15		0.1	75.0
condition-6		1.1395556851015214	observable_Cxcl15		0.1	100.0
condition-6		0.9113096388636157	observable_Dusp5		0.1	0.0
condition-6		0.7851421997368871	observable_Dusp5		0.1	25.0
condition-6		0.8660231198174182	observable_Dusp5		0.1	50.0
condition-6		0.6930090264127001	observable_Dusp5		0.1	75.0
condition-6		0.5349428577341178	observable_Dusp5		0.1	100.0
condition-6		0.8896049012454244	observable_Tgfa		0.1	0.0
condition-6		1.0484475030624238	observable_Tgfa		0.1	25.0
condition-6		0.8126203945631025	observable_Tgfa		0.1	50.0
condition-6		0.9584056312496961	observable_Tgfa		0.1	75.0
condition-6		0.7737402672682374	observable_Tgfa		0.1	100.0
condition-6		0.8349142334957087	observable_Pdk4		0.1	0.0
condition-6		0.7537844834302144	observable_Pdk4		0.1	25.0
condition-6		0.5740741434245344	observable_Pdk4		0.1	50.0
condition-6		0.5759186228466515	observable_Pdk4		0.1	75.0
condition-6		0.5269294660624662	observable_Pdk4		0.1	100.0
condition-7		1.0224498481912214	observable_Ski		0.1	0.0
condition-7		1.249887010439198	observable_Ski		0.1	25.0
condition-7		1.648592693592541	observable_Ski		0.1	50.0
condition-7		2.161404576607599	observable_Ski		0.1	75.0
condition-7		2.3418333478533078	observable_Ski		0.1	100.0
condition-7		1.109183503524828	observable_Skil		0.1	0.0
condition-7		3.587402841683584	observable_Skil		0.1	25.0
condition-7		6.32924551998722	observable_Skil		0.1	50.0
condition-7		8.401922755531158	observable_Skil		0.1	75.0
condition-7		9.626259082962084	observable_Skil		0.1	100.0
condition-7		1.1186166516627338	observable_Dnmt3a		0.1	0.0
condition-7		1.2496005535027321	observable_Dnmt3a		0.1	25.0
condition-7		1.205922822818755	observable_Dnmt3a		0.1	50.0
condition-7		1.625881282064691	observable_Dnmt3a		0.1	75.0
condition-7		1.8645684708316517	observable_Dnmt3a		0.1	100.0
condition-7		1.0212534443158297	observable_Sox4		0.1	0.0
condition-7		1.0608038734946974	observable_Sox4		0.1	25.0
condition-7		1.4348326379767724	observable_Sox4		0.1	50.0
condition-7		1.56954209907947	observable_Sox4		0.1	75.0
condition-7		1.7446456178770455	observable_Sox4		0.1	100.0
condition-7		1.010586621031301	observable_Jun		0.1	0.0
condition-7		3.481834717749972	observable_Jun		0.1	25.0
condition-7		3.9782141019240083	observable_Jun		0.1	50.0
condition-7		4.020832377371526	observable_Jun		0.1	75.0
condition-7		4.035731278198826	observable_Jun		0.1	100.0
condition-7		0.9847496817282051	observable_Smad7		0.1	0.0
condition-7		6.550892478622525	observable_Smad7		0.1	25.0
condition-7		6.793288630814005	observable_Smad7		0.1	50.0
condition-7		6.902745731988127	observable_Smad7		0.1	75.0
condition-7		6.872620466243588	observable_Smad7		0.1	100.0
condition-7		0.9518358808571681	observable_Klf10		0.1	0.0
condition-7		5.182317514087586	observable_Klf10		0.1	25.0
condition-7		6.21158840819357	observable_Klf10		0.1	50.0
condition-7		5.8378363726994245	observable_Klf10		0.1	75.0
condition-7		5.794677707620187	observable_Klf10		0.1	100.0
condition-7		1.0120520606520063	observable_Bmp4		0.1	0.0
condition-7		1.5762536056853487	observable_Bmp4		0.1	25.0
condition-7		1.6244584393192345	observable_Bmp4		0.1	50.0
condition-7		1.6519376061516342	observable_Bmp4		0.1	75.0
condition-7		1.3259353713596875	observable_Bmp4		0.1	100.0
condition-7		0.9541333551954061	observable_Cxcl15		0.1	0.0
condition-7		0.892471105592711	observable_Cxcl15		0.1	25.0
condition-7		0.8410401673847643	observable_Cxcl15		0.1	50.0
condition-7		0.985103687810669	observable_Cxcl15		0.1	75.0
condition-7		1.1305972550114614	observable_Cxcl15		0.1	100.0
condition-7		1.0321839266697463	observable_Dusp5		0.1	0.0
condition-7		0.8042040931899005	observable_Dusp5		0.1	25.0
condition-7		0.8023607658126468	observable_Dusp5		0.1	50.0
condition-7		0.7234331844326257	observable_Dusp5		0.1	75.0
condition-7		0.6691875444256463	observable_Dusp5		0.1	100.0
condition-7		0.9230408877820272	observable_Tgfa		0.1	0.0
condition-7		1.0968293803326052	observable_Tgfa		0.1	25.0
condition-7		0.8080841349098169	observable_Tgfa		0.1	50.0
condition-7		0.8048112829949369	observable_Tgfa		0.1	75.0
condition-7		0.9483114601469954	observable_Tgfa		0.1	100.0
condition-7		0.8578519279041121	observable_Pdk4		0.1	0.0
condition-7		0.8502233147157692	observable_Pdk4		0.1	25.0
condition-7		0.8256812953717179	observable_Pdk4		0.1	50.0
condition-7		0.5988466747276097	observable_Pdk4		0.1	75.0
condition-7		0.42143003287477576	observable_Pdk4		0.1	100.0
condition-8		1.1060610868311236	observable_Ski		0.1	0.0
condition-8		1.3053045543848247	observable_Ski		0.1	25.0
condition-8		1.748360892803661	observable_Ski		0.1	50.0
condition-8		2.0338565279864937	observable_Ski		0.1	75.0
condition-8		2.3709302345416043	observable_Ski		0.1	100.0
condition-8		1.0013552084506439	observable_Skil		0.1	0.0
condition-8		3.5538663435162836	observable_Skil		0.1	25.0
condition-8		6.219053402945754	observable_Skil		0.1	50.0
condition-8		8.350393576782736	observable_Skil		0.1	75.0
condition-8		9.925447226111489	observable_Skil		0.1	100.0
condition-8		0.9119589756279672	observable_Dnmt3a		0.1	0.0
condition-8		1.047198230216162	observable_Dnmt3a		0.1	25.0
condition-8		1.432247168193538	observable_Dnmt3a		0.1	50.0
condition-8		1.4533884862876447	observable_Dnmt3a		0.1	75.0
condition-8		1.614401759025417	observable_Dnmt3a		0.1	100.0
condition-8		0.9728635631375768	observable_Sox4		0.1	0.0
condition-8		1.2067926521110373	observable_Sox4		0.1	25.0
condition-8		1.4245745137178796	observable_Sox4		0.1	50.0
condition-8		1.5334057224219442	observable_Sox4		0.1	75.0
condition-8		1.7827117470282612	observable_Sox4		0.1	100.0
condition-8		1.00573111103529	observable_Jun		0.1	0.0
condition-8		3.9061388375490305	observable_Jun		0.1	25.0
condition-8		3.986301078179323	observable_Jun		0.1	50.0
condition-8		3.9559196974606343	observable_Jun		0.1	75.0
condition-8		3.9044633050449375	observable_Jun		0.1	100.0
condition-8		0.9149982016897955	observable_Smad7		0.1	0.0
condition-8		6.838660051368468	observable_Smad7		0.1	25.0
condition-8		6.900723886798143	observable_Smad7		0.1	50.0
condition-8		6.9315605873138315	observable_Smad7		0.1	75.0
condition-8		6.883686906308458	observable_Smad7		0.1	100.0
condition-8		1.099191854068926	observable_Klf10		0.1	0.0
condition-8		5.087238510150903	observable_Klf10		0.1	25.0
condition-8		6.182419951225339	observable_Klf10		0.1	50.0
condition-8		5.932557190790711	observable_Klf10		0.1	75.0
condition-8		5.658013604748362	observable_Klf10		0.1	100.0
condition-8		1.1510344067545757	observable_Bmp4		0.1	0.0
condition-8		1.3935323741676562	observable_Bmp4		0.1	25.0
condition-8		1.4892574200863045	observable_Bmp4		0.1	50.0
condition-8		1.2947186283087324	observable_Bmp4		0.1	75.0
condition-8		1.4859550773863015	observable_Bmp4		0.1	100.0
condition-8		0.9904525541413717	observable_Cxcl15		0.1	0.0
condition-8		0.9821200933401664	observable_Cxcl15		0.1	25.0
condition-8		1.0233361367566451	observable_Cxcl15		0.1	50.0
condition-8		0.9634853793270443	observable_Cxcl15		0.1	75.0
condition-8		1.2139034501126378	observable_Cxcl15		0.1	100.0
condition-8		0.9924020354580659	observable_Dusp5		0.1	0.0
condition-8		1.0322261190552016	observable_Dusp5		0.1	25.0
condition-8		0.7580775007262955	observable_Dusp5		0.1	50.0
condition-8		0.7832664289534063	observable_Dusp5		0.1	75.0
condition-8		0.5789007451258943	observable_Dusp5		0.1	100.0
condition-8		1.1456368962704933	observable_Tgfa		0.1	0.0
condition-8		0.9656092652201015	observable_Tgfa		0.1	25.0
condition-8		0.8864723202325483	observable_Tgfa		0.1	50.0
condition-8		0.9008102187889382	observable_Tgfa		0.1	75.0
condition-8		0.8699404488790332	observable_Tgfa		0.1	100.0
condition-8		0.9446163266368438	observable_Pdk4		0.1	0.0
condition-8		0.8841556627140288	observable_Pdk4		0.1	25.0
condition-8		0.7139748735593977	observable_Pdk4		0.1	50.0
condition-8		0.3727196027638182	observable_Pdk4		0.1	75.0
condition-8		0.2661795805386979	observable_Pdk4		0.1	100.0
condition-9		1.1389128736160705	observable_Ski		0.1	0.0
condition-9		1.178146884663171	observable_Ski		0.1	25.0
condition-9		1.761995768277627	observable_Ski		0.1	50.0
condition-9		1.9612807561019803	observable_Ski		0.1	75.0
condition-9		2.3201312526789777	observable_Ski		0.1	100.0
condition-9		0.8830161893914785	observable_Skil		0.1	0.0
condition-9		3.514906003343093	observable_Skil		0.1	25.0
condition-9		6.132025850762174	observable_Skil		0.1	50.0
condition-9		8.337004352510515	observable_Skil		0.1	75.0
condition-9		9.829721770142823	observable_Skil		0.1	100.0
condition-9		0.8719410501537117	observable_Dnmt3a		0.1	0.0
condition-9		1.0092745079929968	observable_Dnmt3a		0.1	25.0
condition-9		1.3275703533442633	observable_Dnmt3a		0.1	50.0
condition-9		1.4836965212233568	observable_Dnmt3a		0.1	75.0
condition-9		1.746398823839201	observable_Dnmt3a		0.1	100.0
condition-9		0.9369320803514266	observable_Sox4		0.1	0.0
condition-9		1.007910521229243	observable_Sox4		0.1	25.0
condition-9		1.2811548808085125	observable_Sox4		0.1	50.0
condition-9		1.6288867376532143	observable_Sox4		0.1	75.0
condition-9		1.596581097744203	observable_Sox4		0.1	100.0
condition-9		0.8546915195648574	observable_Jun		0.1	0.0
condition-9		3.7294434377050107	observable_Jun		0.1	25.0
condition-9		4.155601985286866	observable_Jun		0.1	50.0
condition-9		3.9942695259634755	observable_Jun		0.1	75.0
condition-9		3.8071798793703855	observable_Jun		0.1	100.0
condition-9		0.8699749237752186	observable_Smad7		0.1	0.0
condition-9		6.7811375775269855	observable_Smad7		0.1	25.0
condition-9		6.760381218867031	observable_Smad7		0.1	50.0
condition-9		6.969712072778013	observable_Smad7		0.1	75.0
condition-9		6.801530250378811	observable_Smad7		0.1	100.0
condition-9		1.1047473021273215	observable_Klf10		0.1	0.0
condition-9		5.206173890442624	observable_Klf10		0.1	25.0
condition-9		6.28758546919019	observable_Klf10		0.1	50.0
condition-9		5.825454558208833	observable_Klf10		0.1	75.0
condition-9		5.707431946930422	observable_Klf10		0.1	100.0
condition-9		0.9892305245466022	observable_Bmp4		0.1	0.0
condition-9		1.5192916262321072	observable_Bmp4		0.1	25.0
condition-9		1.4838197802799555	observable_Bmp4		0.1	50.0
condition-9		1.3892296637823098	observable_Bmp4		0.1	75.0
condition-9		1.7022562229183047	observable_Bmp4		0.1	100.0
condition-9		0.8574775980943636	observable_Cxcl15		0.1	0.0
condition-9		1.087073282445067	observable_Cxcl15		0.1	25.0
condition-9		0.9515630033746525	observable_Cxcl15		0.1	50.0
condition-9		0.8830264736401472	observable_Cxcl15		0.1	75.0
condition-9		0.7782265011229443	observable_Cxcl15		0.1	100.0
condition-9		1.0183115011605708	observable_Dusp5		0.1	0.0
condition-9		1.1412865626522453	observable_Dusp5		0.1	25.0
condition-9		0.7065004225404365	observable_Dusp5		0.1	50.0
condition-9		0.5954139326898715	observable_Dusp5		0.1	75.0
condition-9		0.5362662466343441	observable_Dusp5		0.1	100.0
condition-9		0.8525530832699934	observable_Tgfa		0.1	0.0
condition-9		0.9956483918275699	observable_Tgfa		0.1	25.0
condition-9		0.8209976960796223	observable_Tgfa		0.1	50.0
condition-9		1.056566827139088	observable_Tgfa		0.1	75.0
condition-9		0.7358002920857996	observable_Tgfa		0.1	100.0
condition-9		0.9243439091923547	observable_Pdk4		0.1	0.0
condition-9		1.014784003157762	observable_Pdk4		0.1	25.0
condition-9		0.7057863657245083	observable_Pdk4		0.1	50.0
condition-9		0.6565294884907287	observable_Pdk4		0.1	75.0
condition-9		0.6154576653933894	observable_Pdk4		0.1	100.0
